id,FIRSTNAME,LASTNAME,EMAIL,EMPID,IDENTITY,STATUS,STARTDATE,ENDDATE
1,Ricki,Elsom,relsom0@constantcontact.com,58-7996098,Sales,On Leave,5/14/2012,11/11/2014
2,Barrie,Dodsworth,bdodsworth1@mac.com,27-9478441,Engineering,Active,6/24/2001,4/18/2018
3,Hans,MacCahee,hmaccahee2@list-manage.com,44-8822924,Marketing,Active,11/8/2005,5/14/2007
4,Maryjane,Illingworth,millingworth3@sun.com,49-1397242,Services,Resigned,4/2/2012,5/28/2019
5,Torrey,Goodhew,tgoodhew4@webnode.com,07-2792785,Sales,On Leave,2/3/2001,5/8/2010
6,Moshe,Klebes,mklebes5@weibo.com,44-5274109,Human Resources,Resigned,4/13/2000,1/9/2021
7,Zorina,Pattullo,zpattullo6@vinaora.com,30-0546082,Product Management,Active,7/17/2012,8/29/2021
8,Gilberto,Mingauld,gmingauld7@qq.com,82-5012252,Engineering,Active,1/12/2019,10/9/2019
9,Pete,MacCahee,pmaccahee8@china.com.cn,02-5257814,Product Management,Active,3/30/2020,12/21/2009
10,Huey,Liccardi,hliccardi9@dagondesign.com,91-8029703,Legal,Active,3/28/2009,4/14/2019
11,Shay,Veal,sveala@globo.com,90-3838259,Accounting,On Leave,9/12/2003,9/7/2007
12,Ola,Sketch,osketchb@indiatimes.com,11-6715627,Research and Development,Resigned,9/1/2006,3/22/2020
13,Joya,Hillock,jhillockc@bravesites.com,20-3121441,Legal,Active,8/1/2003,3/3/2020
14,Hans,Benny,hbennyd@reddit.com,56-3347923,Legal,Inactive,10/24/2015,9/13/2003
15,Perceval,Tabard,ptabarde@tmall.com,41-1541013,Accounting,Resigned,9/4/2016,12/12/2006
16,Tyson,Karle,tkarlef@psu.edu,09-2449772,Accounting,Inactive,10/18/2006,4/24/2003
17,Urbain,Lambart,ulambartg@gravatar.com,72-2123610,Engineering,Active,4/18/2018,4/2/2014
18,Nada,Bercher,nbercherh@soup.io,20-2623695,Product Management,Active,9/16/2013,4/14/2019
19,Rooney,Capeloff,rcapeloffi@columbia.edu,31-9283993,Human Resources,Active,10/10/2001,8/1/2018
20,Fonz,O'Heneghan,foheneghanj@europa.eu,00-2430572,Business Development,Active,12/30/2014,9/26/2018
21,Robin,Geaves,rgeavesk@miitbeian.gov.cn,27-3700135,Legal,Inactive,2/21/2004,5/7/2021
22,Bidget,Moresby,bmoresbyl@usnews.com,69-6714574,Sales,Resigned,2/28/2009,7/28/2016
23,Dinnie,Whitely,dwhitelym@tinypic.com,89-8782722,Legal,Active,5/25/2010,8/21/2016
24,Marsh,Lambertazzi,mlambertazzin@gnu.org,89-9337787,Business Development,Active,4/21/2012,4/4/2012
25,Leese,Paulley,lpaulleyo@skype.com,08-3597083,Marketing,Active,3/24/2021,4/2/2004
26,Mair,Barks,mbarksp@vinaora.com,74-3282565,Support,Active,12/14/2005,6/23/2014
27,Luca,Barefoot,lbarefootq@dropbox.com,59-2316713,Engineering,On Leave,7/28/2001,7/31/2021
28,Elspeth,Drewery,edreweryr@economist.com,17-2964843,Engineering,Active,12/27/2017,7/12/2002
29,Dorothy,Iskowicz,diskowiczs@dailymail.co.uk,85-1032971,Product Management,Inactive,2/15/2005,12/8/2004
30,Fidel,Syversen,fsyversent@guardian.co.uk,81-4954541,Human Resources,On Leave,8/30/2009,8/26/2005
31,Carmita,Copyn,ccopynu@furl.net,43-9634382,Engineering,Inactive,3/2/2003,12/4/2012
32,Oralia,Rheubottom,orheubottomv@cyberchimps.com,54-2697934,Services,Resigned,8/7/2001,7/19/2017
33,Berni,Hawton,bhawtonw@redcross.org,42-2446848,Accounting,On Leave,4/18/2020,7/1/2016
34,Philipa,McCollum,pmccollumx@reddit.com,91-9756386,Services,Inactive,11/9/2010,5/18/2017
35,Julio,Sokell,jsokelly@comsenz.com,40-4795594,Support,Active,2/7/2001,8/27/2008
36,Flynn,Rainey,fraineyz@bandcamp.com,07-4261536,Training,On Leave,6/8/2006,6/30/2016
37,Dorry,Lindell,dlindell10@miibeian.gov.cn,92-2909056,Human Resources,Active,1/17/2003,6/2/2003
38,Gayla,Boreham,gboreham11@ucoz.com,94-4869758,Legal,Active,3/20/2001,2/18/2017
39,Georges,Rainsden,grainsden12@linkedin.com,87-1603897,Support,Resigned,12/10/2011,4/3/2003
40,Essa,Fike,efike13@oakley.com,98-8519212,Product Management,Inactive,8/4/2012,9/7/2019
41,Roderigo,O'Griffin,rogriffin14@nbcnews.com,46-9147566,Research and Development,On Leave,6/16/2007,11/6/2012
42,Maxim,Bastock,mbastock15@goodreads.com,21-5637110,Engineering,Active,2/6/2005,6/7/2013
43,Kile,Plumridege,kplumridege16@mediafire.com,87-5238700,Human Resources,On Leave,11/9/2004,9/26/2002
44,Chris,Espadas,cespadas17@sbwire.com,45-5704091,Product Management,Inactive,10/15/2004,3/22/2018
45,Issiah,Keyhoe,ikeyhoe18@myspace.com,21-4569054,Research and Development,Inactive,4/30/2013,3/8/2003
46,Gustavus,Doust,gdoust19@sciencedaily.com,01-4335415,Support,On Leave,1/7/2014,1/9/2000
47,Winny,MacGeaney,wmacgeaney1a@toplist.cz,24-6113155,Research and Development,Resigned,5/14/2006,2/2/2016
48,Madalena,Sustins,msustins1b@github.com,68-9839441,Engineering,On Leave,12/26/2000,5/24/2018
49,Pamella,Addicott,paddicott1c@npr.org,19-5842222,Marketing,Inactive,9/28/2003,6/12/2019
50,Judye,Castellani,jcastellani1d@dropbox.com,90-3348835,Sales,Resigned,9/2/2002,11/20/2017
51,Ezequiel,Bathowe,ebathowe1e@twitter.com,06-6320298,Support,On Leave,5/26/2004,10/16/2005
52,Titos,Eagan,teagan1f@prlog.org,72-5158556,Legal,On Leave,10/28/2007,9/26/2011
53,Cosetta,Rhodus,crhodus1g@bravesites.com,46-1619965,Sales,Inactive,7/17/2021,3/9/2008
54,Tobe,Eixenberger,teixenberger1h@lulu.com,88-3784185,Business Development,Inactive,8/1/2008,7/23/2005
55,Artemas,Bladen,abladen1i@mapy.cz,44-7555605,Accounting,On Leave,3/14/2013,1/12/2021
56,Anatol,Ivachyov,aivachyov1j@quantcast.com,94-2386808,Services,Inactive,5/10/2005,6/8/2022
57,Percy,Farrar,pfarrar1k@sun.com,32-3879522,Business Development,Inactive,11/23/2010,9/8/2005
58,Nealson,Sharples,nsharples1l@nba.com,29-8184889,Business Development,Inactive,1/1/2003,3/30/2001
59,Mireille,Silman,msilman1m@ft.com,80-4643941,Support,Resigned,2/21/2012,11/21/2018
60,Erhard,Allwood,eallwood1n@hhs.gov,70-8914955,Product Management,Resigned,9/11/2000,7/2/2010
61,Abbye,Thorndale,athorndale1o@bigcartel.com,88-5622382,Marketing,Resigned,10/26/2022,7/22/2003
62,Roseanna,Bathowe,rbathowe1p@amazon.co.uk,88-5529755,Training,Resigned,9/13/2021,8/30/2008
63,Rosene,Bamb,rbamb1q@dyndns.org,24-9904636,Legal,Resigned,5/4/2010,8/8/2021
64,Daniella,Keddey,dkeddey1r@shop-pro.jp,82-1984965,Marketing,Inactive,7/16/2000,2/26/2003
65,Catharina,Cubuzzi,ccubuzzi1s@pbs.org,71-6582661,Legal,Inactive,7/25/2008,4/18/2008
66,Sarene,Poate,spoate1t@imageshack.us,69-8831903,Services,Inactive,9/26/2010,6/20/2007
67,Toma,Tindle,ttindle1u@edublogs.org,09-2986203,Human Resources,On Leave,9/10/2016,7/2/2022
68,Arlene,Tumilson,atumilson1v@theglobeandmail.com,08-1781308,Research and Development,On Leave,7/18/2011,1/31/2009
69,Yvor,Mattiussi,ymattiussi1w@plala.or.jp,61-5865035,Support,On Leave,12/2/2001,7/8/2021
70,Goldarina,Mariette,gmariette1x@cpanel.net,18-2084147,Support,Active,11/11/2003,7/28/2000
71,Bentlee,Rowly,browly1y@arstechnica.com,63-2220044,Services,Inactive,7/14/2019,4/14/2017
72,Inez,Augustine,iaugustine1z@oakley.com,19-8519890,Research and Development,On Leave,3/10/2013,3/9/2020
73,Danni,Wand,dwand20@state.gov,30-5065595,Legal,Active,5/6/2018,10/7/2011
74,Erika,Dundredge,edundredge21@usda.gov,88-3184058,Sales,Active,1/24/2011,6/12/2008
75,Constance,Caldera,ccaldera22@redcross.org,56-8064328,Research and Development,On Leave,10/14/2013,5/9/2000
76,Teri,Shotter,tshotter23@newsvine.com,20-5964052,Legal,Inactive,12/15/2015,11/16/2011
77,Micheal,Kneale,mkneale24@dot.gov,40-1457580,Sales,Resigned,11/6/2003,5/4/2019
78,Silvano,Weson,sweson25@washingtonpost.com,40-2534518,Support,Resigned,3/14/2008,9/5/2016
79,Aurea,Carpenter,acarpenter26@slideshare.net,86-8135295,Human Resources,On Leave,7/27/2022,11/12/2000
80,Virgilio,Jerrim,vjerrim27@exblog.jp,17-5434157,Services,Inactive,7/29/2001,6/12/2013
81,Burk,Gobeau,bgobeau28@discovery.com,13-4580960,Support,On Leave,12/21/2006,7/17/2016
82,Harriett,Lakeman,hlakeman29@ovh.net,01-1919953,Accounting,On Leave,7/15/2019,7/4/2003
83,Missy,Valasek,mvalasek2a@uiuc.edu,87-4892839,Sales,On Leave,4/5/2016,5/14/2020
84,Jonathon,Catterill,jcatterill2b@ucoz.com,18-9003617,Engineering,Active,11/12/2001,9/9/2010
85,Winny,Pankethman,wpankethman2c@goo.gl,45-5803663,Training,Resigned,11/7/2003,4/17/2015
86,Devinne,Dowtry,ddowtry2d@mail.ru,50-4249797,Product Management,Active,4/6/2021,7/28/2015
87,Torrance,Bims,tbims2e@howstuffworks.com,07-7152415,Sales,On Leave,4/25/2009,1/1/2000
88,Katleen,Went,kwent2f@e-recht24.de,63-3064848,Human Resources,On Leave,5/17/2008,4/7/2006
89,Alric,Raggett,araggett2g@ovh.net,84-7754944,Engineering,Resigned,10/3/2008,3/11/2008
90,Tulley,Tivnan,ttivnan2h@narod.ru,01-2959186,Training,Inactive,1/8/2005,5/22/2004
91,Eldon,Hynes,ehynes2i@bizjournals.com,92-3886963,Marketing,Inactive,10/7/2019,8/15/2000
92,Blisse,Pikett,bpikett2j@moonfruit.com,28-2496586,Services,On Leave,4/15/2018,8/27/2015
93,Clara,Jurisic,cjurisic2k@mozilla.com,28-0808071,Legal,Active,5/24/2016,2/5/2014
94,Antony,Hiorn,ahiorn2l@e-recht24.de,02-3462314,Legal,On Leave,10/26/2007,7/2/2012
95,Verna,Pettiford,vpettiford2m@nhs.uk,67-7380356,Product Management,Resigned,8/14/2018,1/28/2015
96,Modesty,Valance,mvalance2n@xing.com,13-1469990,Marketing,Resigned,10/4/2004,5/16/2009
97,Daniella,Gantlett,dgantlett2o@cpanel.net,34-0287958,Sales,On Leave,2/22/2018,7/20/2009
98,Corrie,Collyer,ccollyer2p@mac.com,12-2171091,Sales,Inactive,1/20/2002,12/5/2002
99,Der,Dilawey,ddilawey2q@engadget.com,10-0858870,Legal,On Leave,3/28/2004,5/3/2009
100,Eirena,Oglevie,eoglevie2r@nifty.com,90-2169155,Accounting,Resigned,11/17/2002,9/16/2012
101,Casey,Shepcutt,cshepcutt2s@jimdo.com,99-3859768,Legal,On Leave,9/7/2017,11/7/2000
102,Parrnell,Littlechild,plittlechild2t@va.gov,75-8977141,Human Resources,Resigned,10/1/2013,7/15/2022
103,Eddy,Wollard,ewollard2u@chicagotribune.com,95-3922867,Training,Inactive,2/8/2004,12/16/2007
104,Wandie,Smallbone,wsmallbone2v@wikispaces.com,30-8669064,Marketing,Inactive,10/11/2003,5/25/2010
105,Kissee,Label,klabel2w@arizona.edu,97-5457043,Legal,Resigned,9/29/2004,7/12/2012
106,Jeanette,Schumacher,jschumacher2x@abc.net.au,10-7569748,Training,Resigned,12/3/2022,1/2/2019
107,Adrianne,Pidgin,apidgin2y@soundcloud.com,45-7915419,Marketing,On Leave,5/10/2019,6/24/2009
108,Alix,Bolley,abolley2z@cloudflare.com,24-1940777,Product Management,Inactive,11/1/2015,3/7/2017
109,Eal,Layhe,elayhe30@yellowpages.com,77-4938039,Research and Development,On Leave,9/25/2008,12/27/2007
110,Charlean,Chiene,cchiene31@blog.com,36-5392802,Support,Active,3/21/2015,9/28/2015
111,Merilyn,Swidenbank,mswidenbank32@apache.org,66-1931867,Legal,Active,11/24/2005,12/15/2005
112,Allayne,Rayburn,arayburn33@over-blog.com,83-5318070,Engineering,Resigned,9/8/2001,9/8/2002
113,Gasparo,Shadfourth,gshadfourth34@boston.com,36-3071246,Sales,Resigned,9/14/2020,4/2/2021
114,Perla,Matthewson,pmatthewson35@1688.com,47-4193981,Sales,Resigned,2/12/2003,1/23/2003
115,Carolyn,Labbett,clabbett36@jiathis.com,37-2915461,Research and Development,Inactive,3/2/2019,1/15/2014
116,Fidelia,Claypole,fclaypole37@harvard.edu,21-2107845,Sales,Inactive,12/12/2018,2/16/2004
117,Calvin,Brummell,cbrummell38@reference.com,03-5508963,Training,Resigned,4/19/2012,3/24/2005
118,Tobey,Grenter,tgrenter39@geocities.com,48-3865552,Product Management,Inactive,5/19/2005,11/25/2008
119,Sindee,Sorbie,ssorbie3a@goodreads.com,69-2748587,Legal,Resigned,4/19/2011,3/1/2001
120,Lib,Bulpitt,lbulpitt3b@netscape.com,46-3020467,Legal,Active,8/18/2020,3/2/2003
121,Bernadene,Derr,bderr3c@sina.com.cn,17-0637946,Business Development,Resigned,9/17/2001,1/12/2007
122,Vivianna,Mayell,vmayell3d@xinhuanet.com,38-8734482,Product Management,Active,6/3/2022,12/10/2004
123,Philomena,Roll,proll3e@ibm.com,55-9720218,Support,On Leave,12/16/2003,9/15/2001
124,Carlynne,Trengrove,ctrengrove3f@npr.org,96-7013866,Research and Development,Active,12/20/2000,8/10/2014
125,Selma,Fearenside,sfearenside3g@google.com,84-4877548,Marketing,On Leave,4/19/2011,8/7/2018
126,Chad,Hiers,chiers3h@blinklist.com,80-5502935,Business Development,On Leave,7/26/2003,3/18/2001
127,Lorrie,Jewks,ljewks3i@cornell.edu,45-1851581,Sales,On Leave,3/20/2000,10/29/2005
128,Nickolas,Payle,npayle3j@yandex.ru,20-0882813,Accounting,Inactive,6/27/2014,1/30/2001
129,Lianna,Trood,ltrood3k@themeforest.net,62-6778612,Product Management,Resigned,2/11/2016,1/4/2011
130,Nannette,Andreou,nandreou3l@seattletimes.com,07-2817033,Human Resources,On Leave,11/2/2003,12/8/2020
131,Sheelagh,Feaster,sfeaster3m@unesco.org,40-3204325,Human Resources,On Leave,12/18/2012,1/11/2017
132,John,Domke,jdomke3n@amazon.de,53-1453882,Accounting,Resigned,11/9/2008,10/18/2015
133,Claiborn,Weeden,cweeden3o@google.it,77-1545194,Research and Development,Resigned,8/16/2014,4/3/2015
134,Emmi,Washbrook,ewashbrook3p@artisteer.com,27-0298787,Business Development,On Leave,3/19/2014,8/21/2017
135,Giacobo,Lowin,glowin3q@deviantart.com,94-3991444,Human Resources,On Leave,5/14/2011,5/16/2004
136,Verine,Hacking,vhacking3r@scientificamerican.com,62-7904805,Human Resources,Active,5/1/2019,4/23/2013
137,Marietta,Challicombe,mchallicombe3s@bing.com,67-1046740,Product Management,Resigned,9/19/2019,11/14/2013
138,Bobby,Dursley,bdursley3t@angelfire.com,31-7379462,Services,Resigned,9/17/2020,5/1/2004
139,Nina,Sketh,nsketh3u@webs.com,34-6020061,Legal,Active,2/12/2009,4/5/2015
140,Tito,Gillie,tgillie3v@answers.com,77-3993567,Marketing,Inactive,10/22/2000,7/2/2010
141,Analiese,Aishford,aaishford3w@tripod.com,86-8776129,Research and Development,Resigned,2/15/2000,8/28/2007
142,Haslett,McJerrow,hmcjerrow3x@hexun.com,62-7403448,Engineering,Active,4/9/2003,7/7/2017
143,Napoleon,Toope,ntoope3y@a8.net,78-2455083,Marketing,Active,7/21/2018,10/5/2006
144,Melinda,Frere,mfrere3z@fotki.com,84-3830752,Engineering,Resigned,12/20/2013,3/12/2003
145,Lanie,Giroldi,lgiroldi40@123-reg.co.uk,54-6955409,Business Development,Resigned,2/25/2014,2/22/2004
146,Ariadne,Genge,agenge41@google.it,72-4174561,Accounting,On Leave,1/15/2000,4/20/2003
147,Gallagher,Eldredge,geldredge42@youtu.be,15-5721377,Human Resources,Resigned,7/24/2005,10/26/2003
148,Davey,Creane,dcreane43@reuters.com,29-4468246,Research and Development,On Leave,12/10/2016,4/21/2018
149,Grata,Bremmell,gbremmell44@cdbaby.com,95-1063582,Marketing,Active,1/23/2006,5/4/2014
150,Dimitri,Padly,dpadly45@meetup.com,35-9038731,Marketing,Active,2/20/2010,12/15/2019
151,Rodrigo,Hutchason,rhutchason46@homestead.com,06-6812840,Product Management,Inactive,11/6/2006,1/5/2021
152,Tracey,Ledbury,tledbury47@printfriendly.com,21-5098883,Legal,Resigned,10/27/2008,12/14/2020
153,Lotti,Welchman,lwelchman48@geocities.jp,67-3772113,Sales,Inactive,4/27/2013,10/13/2012
154,Cheri,Boanas,cboanas49@va.gov,30-5885118,Legal,On Leave,11/15/2001,4/17/2009
155,Jillane,Hughes,jhughes4a@altervista.org,32-8667931,Accounting,Resigned,1/2/2020,1/20/2002
156,Sara,Baggs,sbaggs4b@pagesperso-orange.fr,29-8214530,Business Development,On Leave,2/4/2011,11/1/2008
157,Maxy,Sifleet,msifleet4c@amazon.com,16-8954240,Human Resources,Active,10/21/2002,5/3/2013
158,Koral,Salmons,ksalmons4d@weather.com,69-3988679,Sales,On Leave,12/13/2006,4/15/2013
159,Kirsti,Woodruffe,kwoodruffe4e@csmonitor.com,65-8029030,Human Resources,On Leave,12/9/2021,6/15/2008
160,Mada,Newtown,mnewtown4f@paypal.com,98-8305448,Legal,On Leave,8/8/2007,11/4/2007
161,Tull,Gerb,tgerb4g@yellowbook.com,60-6870093,Research and Development,Active,4/14/2007,7/6/2012
162,Moselle,Gianninotti,mgianninotti4h@wikispaces.com,44-9770111,Legal,Active,10/5/2020,3/24/2010
163,Magnum,Goundsy,mgoundsy4i@unblog.fr,15-4817771,Product Management,Active,3/30/2015,3/15/2002
164,Leslie,Somersett,lsomersett4j@ycombinator.com,96-1273666,Training,On Leave,12/18/2010,9/15/2017
165,Standford,Fogarty,sfogarty4k@pcworld.com,96-1055208,Research and Development,Resigned,5/3/2003,2/27/2011
166,Lisha,Pinnock,lpinnock4l@nifty.com,45-9305462,Marketing,Active,3/13/2016,8/9/2015
167,Belia,Grindell,bgrindell4m@cnbc.com,69-2025918,Human Resources,Resigned,4/26/2005,6/30/2005
168,Darnall,Crumpton,dcrumpton4n@jigsy.com,18-7149300,Services,On Leave,12/14/2021,8/18/2016
169,Chrotoem,Seres,cseres4o@youku.com,96-5994565,Accounting,Active,6/28/2003,3/5/2013
170,Wylie,Ledner,wledner4p@harvard.edu,11-3339717,Support,Active,6/22/2001,2/7/2015
171,Megan,Steele,msteele4q@i2i.jp,37-5596833,Support,Inactive,11/9/2013,8/17/2002
172,Leland,Verdun,lverdun4r@unblog.fr,86-1796975,Training,On Leave,10/5/2010,7/23/2016
173,Porter,Qusklay,pqusklay4s@ucoz.com,64-0857779,Support,Active,6/11/2010,5/7/2008
174,Victoir,Bolt,vbolt4t@meetup.com,19-4350736,Legal,Resigned,5/14/2008,12/4/2019
175,Sherlock,Faldo,sfaldo4u@nih.gov,52-3033343,Sales,On Leave,10/3/2004,12/25/2006
176,Julita,Oselton,joselton4v@google.es,34-7561676,Sales,Resigned,10/28/2013,1/19/2000
177,Saunderson,Kornalik,skornalik4w@zdnet.com,88-5508976,Marketing,Inactive,1/30/2000,5/6/2022
178,Alano,Levet,alevet4x@com.com,78-9710873,Engineering,Active,6/7/2009,8/7/2016
179,Margarethe,Pallent,mpallent4y@fema.gov,82-5734081,Business Development,Resigned,6/7/2012,2/23/2008
180,Trueman,Dullingham,tdullingham4z@japanpost.jp,23-7849323,Legal,Inactive,3/14/2000,1/15/2009
181,Teador,Gledhill,tgledhill50@usa.gov,71-6552225,Product Management,Active,3/11/2018,9/16/2019
182,Toby,Hargroves,thargroves51@google.co.jp,62-1783575,Engineering,Active,9/24/2005,5/7/2009
183,Vivien,Pinnegar,vpinnegar52@bluehost.com,77-3327306,Product Management,Resigned,2/7/2001,5/30/2013
184,Marni,Ruxton,mruxton53@zdnet.com,59-7958336,Services,Inactive,8/23/2013,3/3/2013
185,Cody,Jouhandeau,cjouhandeau54@seattletimes.com,73-3685802,Human Resources,On Leave,9/8/2021,1/5/2004
186,Charlean,Messer,cmesser55@slashdot.org,05-2268181,Accounting,Resigned,3/26/2009,12/28/2006
187,Zane,Rysdale,zrysdale56@nytimes.com,81-8596465,Training,On Leave,8/30/2008,5/28/2005
188,Laryssa,Regus,lregus57@mozilla.com,45-8945060,Sales,Inactive,12/28/2016,4/9/2001
189,Nichols,Padillo,npadillo58@virginia.edu,96-0712849,Support,On Leave,5/19/2009,4/29/2004
190,Skell,Battisson,sbattisson59@usda.gov,55-9441258,Training,Inactive,10/1/2007,2/24/2016
191,Ashlan,Gook,agook5a@seattletimes.com,26-7282873,Sales,Inactive,5/9/2022,6/12/2017
192,Hamish,Wakeford,hwakeford5b@marriott.com,21-8775146,Legal,Resigned,12/26/2022,11/17/2012
193,Rriocard,Reynoollds,rreynoollds5c@sitemeter.com,49-2768531,Engineering,On Leave,4/6/2013,11/21/2016
194,Kitti,Bawme,kbawme5d@wikimedia.org,25-6999162,Services,On Leave,7/9/2018,12/10/2003
195,Collette,Rudderham,crudderham5e@homestead.com,18-1780611,Engineering,On Leave,12/8/2021,5/27/2016
196,Torrin,Cleeton,tcleeton5f@zimbio.com,47-4429421,Training,Active,11/19/2015,12/21/2021
197,Gerhardt,Poile,gpoile5g@youku.com,71-4698814,Legal,Resigned,6/30/2012,4/9/2017
198,Stephen,Goudy,sgoudy5h@dmoz.org,69-9595361,Human Resources,Active,8/12/2020,12/8/2002
199,Gael,Britner,gbritner5i@reference.com,00-4293646,Human Resources,Resigned,9/1/2011,12/27/2013
200,Agnese,Feeley,afeeley5j@msu.edu,87-6280007,Sales,Active,9/27/2015,9/3/2008
201,Perceval,Biernat,pbiernat5k@exblog.jp,20-6184472,Sales,Resigned,7/17/2007,4/18/2000
202,Sydelle,Vossgen,svossgen5l@ucoz.com,56-8058376,Legal,Inactive,6/13/2011,2/1/2021
203,Torie,Combe,tcombe5m@bloomberg.com,91-2618891,Legal,Active,6/19/2002,8/26/2000
204,Rosabelle,Toft,rtoft5n@psu.edu,40-4387250,Marketing,Active,6/5/2009,9/9/2002
205,Kitti,Bemwell,kbemwell5o@harvard.edu,48-0245896,Product Management,Inactive,3/24/2009,8/28/2017
206,Gottfried,Tillard,gtillard5p@arstechnica.com,66-3979430,Human Resources,Inactive,9/26/2009,12/23/2002
207,Dal,Hemstead,dhemstead5q@deviantart.com,35-5698378,Accounting,Resigned,3/16/2003,2/16/2019
208,Letta,Thormann,lthormann5r@addthis.com,36-0732775,Sales,On Leave,9/2/2016,7/23/2003
209,Keslie,Hallwell,khallwell5s@alibaba.com,42-0879223,Training,Active,8/15/2007,6/22/2019
210,Anastassia,Duprey,aduprey5t@independent.co.uk,98-1878283,Support,Inactive,8/28/2014,1/6/2004
211,Flynn,Grundle,fgrundle5u@ox.ac.uk,01-8181708,Training,On Leave,10/22/2002,11/6/2014
212,Jo,Jiroutka,jjiroutka5v@squarespace.com,99-3202212,Accounting,Active,8/1/2017,9/23/2006
213,Taite,Stitt,tstitt5w@gizmodo.com,86-9104497,Services,Active,8/6/2006,3/1/2019
214,Darcie,Hannum,dhannum5x@house.gov,48-4095442,Marketing,Resigned,8/5/2012,5/8/2002
215,Tedman,Kenninghan,tkenninghan5y@nytimes.com,07-7498185,Business Development,On Leave,7/11/2011,1/8/2001
216,Athene,Brennon,abrennon5z@cbsnews.com,19-4955339,Research and Development,On Leave,12/16/2010,12/11/2021
217,Briny,Gasnoll,bgasnoll60@examiner.com,12-6618959,Engineering,Inactive,6/30/2015,3/2/2006
218,Debee,Boribal,dboribal61@narod.ru,45-8253389,Product Management,On Leave,12/21/2008,2/11/2010
219,Emerson,McInnerny,emcinnerny62@facebook.com,98-3111162,Support,Active,4/14/2009,10/20/2014
220,Clementia,O' Reagan,coreagan63@cdbaby.com,11-9589563,Product Management,On Leave,11/28/2000,9/19/2016
221,Karlen,Storer,kstorer64@mashable.com,69-0325651,Research and Development,Active,11/26/2012,4/2/2013
222,Tracy,Letch,tletch65@walmart.com,20-5455809,Marketing,Resigned,5/10/2015,7/13/2001
223,Cornelle,Woodhall,cwoodhall66@opensource.org,82-8594255,Support,On Leave,12/17/2013,9/10/2021
224,Daisy,Balm,dbalm67@eventbrite.com,23-0636992,Legal,Inactive,8/15/2000,2/20/2012
225,Freemon,McCann,fmccann68@histats.com,65-2508396,Research and Development,Resigned,10/17/2007,10/30/2021
226,Phelia,MacGinney,pmacginney69@bbb.org,88-6479439,Business Development,Active,9/17/2013,1/24/2016
227,Mirabella,Whorlton,mwhorlton6a@bbc.co.uk,50-7615440,Marketing,On Leave,11/3/2022,3/4/2009
228,Jeniffer,Cruddas,jcruddas6b@reddit.com,49-8941884,Product Management,Active,6/30/2019,1/5/2010
229,Isadore,Stoppe,istoppe6c@guardian.co.uk,91-2229662,Accounting,Inactive,6/21/2022,1/18/2008
230,Wells,Viney,wviney6d@globo.com,44-4250307,Marketing,Inactive,10/3/2012,4/20/2018
231,Oona,Rudderham,orudderham6e@free.fr,57-6083226,Legal,Active,8/14/2021,6/2/2000
232,Derk,Lusher,dlusher6f@over-blog.com,98-9858489,Research and Development,Inactive,5/24/2020,5/20/2008
233,Gwenny,Jerrome,gjerrome6g@buzzfeed.com,11-5928949,Sales,Inactive,12/4/2006,10/10/2018
234,Corty,McNelis,cmcnelis6h@marriott.com,98-0016525,Human Resources,Active,8/1/2018,7/1/2000
235,Amargo,Hold,ahold6i@lulu.com,24-6526267,Product Management,Resigned,7/25/2014,8/14/2000
236,Shaylah,O' Lone,solone6j@studiopress.com,07-5817031,Product Management,Inactive,9/28/2004,1/28/2006
237,Aguie,Tolumello,atolumello6k@biblegateway.com,08-5835301,Accounting,Inactive,12/5/2016,8/6/2005
238,Thedrick,Turford,tturford6l@usatoday.com,91-5941283,Human Resources,Active,3/20/2013,9/9/2002
239,Mildred,Wellard,mwellard6m@sogou.com,12-6395073,Support,Resigned,7/4/2022,9/21/2003
240,Anestassia,Kilner,akilner6n@google.nl,31-6663849,Sales,Inactive,8/7/2013,1/3/2019
241,Berti,Chiese,bchiese6o@ning.com,53-7188554,Human Resources,On Leave,9/20/2000,10/8/2013
242,Madlin,Assante,massante6p@issuu.com,58-0973799,Accounting,Resigned,2/13/2013,5/24/2015
243,Vite,Banker,vbanker6q@exblog.jp,41-1389884,Sales,Inactive,8/23/2019,11/13/2020
244,Hugues,Ebbett,hebbett6r@reuters.com,23-7936865,Support,Resigned,9/13/2009,12/31/2018
245,Lorianna,Jezzard,ljezzard6s@ning.com,56-7366291,Product Management,Active,1/19/2020,9/9/2014
246,Terry,Elsom,telsom6t@nps.gov,78-3476953,Business Development,Inactive,7/13/2002,12/11/2006
247,Andrea,Fetherstone,afetherstone6u@bloomberg.com,91-2997682,Legal,Active,9/29/2000,1/5/2014
248,Dorelle,Milesop,dmilesop6v@icq.com,91-3254890,Sales,On Leave,4/21/2000,7/16/2015
249,Dede,Dawbery,ddawbery6w@weibo.com,99-8795164,Training,On Leave,4/2/2005,8/7/2012
250,Ange,Ferdinand,aferdinand6x@plala.or.jp,10-3071026,Accounting,Resigned,5/19/2006,5/28/2004
251,Glen,Neubigin,gneubigin6y@symantec.com,63-2955329,Accounting,On Leave,4/29/2000,2/8/2002
252,Howard,Burgisi,hburgisi6z@disqus.com,82-7464585,Legal,Resigned,4/11/2007,1/7/2003
253,Kara-lynn,De Souza,kdesouza70@berkeley.edu,76-4296174,Business Development,Inactive,11/5/2015,1/22/2013
254,Lexie,Dalyell,ldalyell71@so-net.ne.jp,55-8898225,Engineering,Active,6/21/2011,10/29/2008
255,Reena,Pantling,rpantling72@kickstarter.com,67-3197580,Training,Active,12/16/2017,6/12/2013
256,Tootsie,Kneesha,tkneesha73@amazon.co.uk,09-4666311,Services,On Leave,12/17/2000,1/9/2021
257,Field,Brumby,fbrumby74@ehow.com,85-4728756,Product Management,Resigned,5/14/2020,10/26/2012
258,Ky,Goodin,kgoodin75@hostgator.com,57-0956721,Marketing,On Leave,6/2/2016,8/6/2022
259,Gamaliel,Tingly,gtingly76@g.co,31-8181186,Services,Inactive,1/1/2006,10/22/2005
260,Daven,Calow,dcalow77@ebay.com,65-7355533,Marketing,Inactive,9/28/2005,3/29/2012
261,Herc,Neeves,hneeves78@bravesites.com,23-0441360,Product Management,Resigned,4/14/2002,5/9/2017
262,Vi,Muckart,vmuckart79@nps.gov,92-8132499,Accounting,Active,3/27/2014,1/12/2006
263,Moritz,Cadle,mcadle7a@php.net,95-2921049,Marketing,Inactive,1/15/2017,12/18/2008
264,Florri,Harmeston,fharmeston7b@virginia.edu,23-3697544,Business Development,Inactive,1/9/2013,4/24/2003
265,Lyon,Fudger,lfudger7c@shop-pro.jp,79-1034285,Human Resources,On Leave,10/29/2005,10/26/2002
266,Dolph,Ledwitch,dledwitch7d@intel.com,87-4428432,Marketing,Resigned,2/11/2009,3/9/2013
267,Adoree,Gait,agait7e@amazon.de,93-8136421,Business Development,On Leave,2/28/2005,4/20/2017
268,Gabrila,Lozano,glozano7f@fema.gov,03-2919405,Business Development,On Leave,11/20/2005,3/14/2020
269,Elsie,Lowin,elowin7g@tripod.com,59-7646506,Engineering,Resigned,5/14/2005,8/7/2013
270,Davy,Oen,doen7h@omniture.com,72-5975503,Marketing,On Leave,11/10/2009,9/14/2019
271,Emlen,Lassetter,elassetter7i@bravesites.com,37-5516021,Research and Development,Inactive,9/19/2020,4/14/2021
272,Abbie,Spier,aspier7j@wisc.edu,78-8384832,Training,Active,7/24/2002,11/27/2018
273,Gerty,Matieu,gmatieu7k@ihg.com,97-0388696,Sales,Inactive,3/22/2018,6/12/2016
274,Dion,Dulwitch,ddulwitch7l@zdnet.com,52-8690837,Legal,On Leave,9/3/2020,1/8/2009
275,Tierney,Brafferton,tbrafferton7m@myspace.com,86-8156647,Research and Development,Active,8/25/2010,3/21/2011
276,Debi,Ruperti,druperti7n@time.com,00-7204401,Business Development,Resigned,6/20/2014,9/10/2010
277,Ollie,Kermannes,okermannes7o@boston.com,42-5155529,Business Development,Inactive,12/3/2014,6/30/2009
278,Artus,Beckworth,abeckworth7p@aol.com,88-8192230,Research and Development,Inactive,11/27/2014,3/1/2003
279,Shari,Poulston,spoulston7q@netlog.com,00-3552543,Accounting,Active,10/19/2015,5/23/2013
280,Nikolos,Scardafield,nscardafield7r@jalbum.net,26-5574261,Services,On Leave,6/15/2016,1/14/2011
281,Jan,Rouby,jrouby7s@jugem.jp,52-5298324,Training,Inactive,6/17/2017,7/13/2003
282,Tonye,Jennemann,tjennemann7t@tiny.cc,27-5303391,Human Resources,Inactive,5/20/2014,5/23/2022
283,Farrand,Finkle,ffinkle7u@sohu.com,63-1348438,Business Development,Active,10/2/2000,11/30/2022
284,Erina,Skermer,eskermer7v@over-blog.com,92-6662159,Business Development,Active,2/19/2015,8/18/2004
285,Ruy,Biford,rbiford7w@ucsd.edu,85-8693760,Business Development,Active,2/29/2008,5/17/2011
286,Vail,Strowan,vstrowan7x@businessweek.com,56-7999909,Legal,Active,7/1/2013,9/12/2008
287,Collete,Rook,crook7y@yale.edu,95-1933387,Services,Resigned,9/4/2011,5/22/2006
288,Anthea,Le Sieur,alesieur7z@yandex.ru,53-9214341,Marketing,On Leave,1/2/2005,9/23/2018
289,Gene,Kemmer,gkemmer80@theguardian.com,17-7130923,Legal,Resigned,11/17/2022,8/30/2003
290,Evita,Heisham,eheisham81@devhub.com,99-8092237,Support,On Leave,12/16/2022,7/13/2004
291,Benedict,Fendlow,bfendlow82@geocities.com,02-8182524,Accounting,On Leave,3/20/2018,7/26/2000
292,Denise,Gever,dgever83@infoseek.co.jp,21-4489112,Training,Active,6/7/2017,1/27/2022
293,Babbette,Lascell,blascell84@barnesandnoble.com,29-4215018,Research and Development,Active,10/24/2011,5/23/2008
294,Jerri,Dishmon,jdishmon85@hc360.com,79-7601537,Sales,On Leave,8/12/2002,12/13/2021
295,Grenville,Bisson,gbisson86@surveymonkey.com,31-8191077,Marketing,On Leave,8/5/2000,12/11/2020
296,Caritta,Linkleter,clinkleter87@apache.org,54-8745936,Business Development,Resigned,3/7/2009,6/19/2015
297,Euphemia,Morecomb,emorecomb88@goo.ne.jp,94-2512345,Research and Development,Inactive,10/31/2019,4/17/2003
298,Erskine,Vardey,evardey89@apache.org,46-1931369,Services,Active,8/14/2017,4/12/2013
299,Verile,Swinfon,vswinfon8a@posterous.com,40-6670336,Engineering,Inactive,5/29/2019,9/14/2013
300,Ines,Macquire,imacquire8b@surveymonkey.com,25-2236853,Marketing,On Leave,7/29/2006,11/9/2011
301,Aubree,Hazael,ahazael8c@pcworld.com,24-6123183,Business Development,On Leave,5/3/2007,6/8/2018
302,Ole,Entres,oentres8d@newyorker.com,84-0463040,Legal,Resigned,10/26/2009,4/13/2006
303,Carmelle,Idwal Evans,cidwalevans8e@tumblr.com,18-8863355,Product Management,Resigned,6/29/2001,3/4/2008
304,Eugenie,Tabbitt,etabbitt8f@typepad.com,24-1687803,Accounting,Inactive,4/9/2007,2/27/2021
305,Shani,Kieran,skieran8g@unc.edu,55-8741759,Accounting,Resigned,8/23/2000,1/27/2019
306,Sunny,Rolfo,srolfo8h@economist.com,44-8264432,Product Management,Active,12/3/2002,2/9/2001
307,Lucila,Asbery,lasbery8i@dion.ne.jp,09-7919548,Research and Development,Resigned,11/19/2016,2/28/2008
308,Chance,Dorricott,cdorricott8j@mapquest.com,46-0573647,Services,Resigned,8/16/2018,8/19/2014
309,Humfried,Poolman,hpoolman8k@dropbox.com,39-1488200,Business Development,On Leave,4/25/2002,5/12/2019
310,Mikey,Plampeyn,mplampeyn8l@shinystat.com,80-6535965,Human Resources,Resigned,6/9/2014,12/9/2017
311,Darill,Clearie,dclearie8m@walmart.com,93-9423561,Business Development,Active,8/6/2012,9/4/2013
312,Clarabelle,Gascar,cgascar8n@cargocollective.com,01-0720465,Human Resources,Inactive,11/2/2020,6/20/2012
313,Mahala,Ashbolt,mashbolt8o@prweb.com,14-7092486,Product Management,On Leave,12/6/2020,6/1/2007
314,Clovis,Gateman,cgateman8p@rambler.ru,39-6759502,Product Management,Inactive,12/11/2022,8/5/2019
315,Randa,Pettigree,rpettigree8q@liveinternet.ru,98-1083057,Support,Resigned,5/10/2004,5/12/2001
316,Isak,Totterdell,itotterdell8r@businessweek.com,91-4564530,Legal,Active,4/22/2019,5/10/2017
317,Mason,Bryceson,mbryceson8s@kickstarter.com,16-5421956,Product Management,Active,12/6/2012,4/2/2017
318,Kit,Fonso,kfonso8t@cyberchimps.com,55-8175015,Training,On Leave,12/27/2006,1/28/2002
319,Brad,Droogan,bdroogan8u@mediafire.com,84-2128947,Marketing,Resigned,6/24/2007,8/11/2010
320,Lucais,Sommerland,lsommerland8v@jimdo.com,04-4990653,Training,On Leave,12/24/2013,4/26/2006
321,Laryssa,Summerly,lsummerly8w@apple.com,25-5178944,Research and Development,Resigned,7/11/2021,3/7/2002
322,Gwendolyn,Glanz,gglanz8x@ed.gov,00-2545344,Legal,Inactive,9/15/2000,12/11/2008
323,Merline,MacGregor,mmacgregor8y@delicious.com,88-4114088,Accounting,On Leave,3/19/2008,2/24/2004
324,Phelia,Bamblett,pbamblett8z@hexun.com,92-2465312,Research and Development,On Leave,2/17/2009,2/17/2000
325,Alyssa,Nucator,anucator90@globo.com,28-8613238,Research and Development,Inactive,8/16/2017,11/29/2019
326,Carline,Grzegorzewicz,cgrzegorzewicz91@narod.ru,14-7151567,Research and Development,Inactive,3/17/2013,2/3/2006
327,Guillaume,Monier,gmonier92@slashdot.org,29-9577961,Support,On Leave,6/27/2004,8/23/2004
328,Troy,Rodge,trodge93@ft.com,73-2347925,Engineering,On Leave,8/24/2013,7/12/2010
329,Yasmeen,Bennington,ybennington94@yellowpages.com,96-6419470,Sales,Active,3/11/2010,8/22/2008
330,Leoine,Ware,lware95@gnu.org,37-4629137,Product Management,Inactive,5/8/2021,11/12/2001
331,Ellene,MacIntyre,emacintyre96@furl.net,47-4600344,Services,Resigned,3/30/2020,4/29/2009
332,Evyn,Honig,ehonig97@elegantthemes.com,60-7808946,Support,Active,3/2/2007,2/4/2010
333,Tybi,Lawrie,tlawrie98@unicef.org,42-0092626,Sales,On Leave,3/8/2020,12/6/2010
334,Florenza,MacCauley,fmaccauley99@mapquest.com,34-6961752,Legal,On Leave,1/6/2004,3/5/2019
335,Dinnie,Covolini,dcovolini9a@bandcamp.com,15-6995287,Business Development,Resigned,12/25/2011,3/16/2013
336,Giralda,Tregona,gtregona9b@about.me,51-0439465,Human Resources,Inactive,10/14/2022,5/30/2020
337,Dennie,Macvain,dmacvain9c@shop-pro.jp,73-0610195,Engineering,Active,9/21/2017,10/26/2019
338,Augustus,Hallam,ahallam9d@ocn.ne.jp,65-2526611,Training,On Leave,9/2/2013,5/9/2015
339,Thorin,Croux,tcroux9e@theguardian.com,40-3394953,Engineering,Inactive,10/20/2005,3/29/2006
340,Carlynne,Castenda,ccastenda9f@disqus.com,77-7304705,Product Management,Inactive,12/26/2001,2/11/2006
341,Iona,Mars,imars9g@ca.gov,35-4142099,Product Management,Inactive,5/12/2012,11/21/2021
342,Germain,Jacquemot,gjacquemot9h@princeton.edu,52-9093743,Sales,Active,4/23/2007,2/15/2015
343,Phaedra,Bolingbroke,pbolingbroke9i@sina.com.cn,30-1144029,Marketing,On Leave,6/13/2002,5/4/2000
344,Lela,MacGragh,lmacgragh9j@telegraph.co.uk,00-4012111,Marketing,Inactive,3/23/2016,5/20/2020
345,Aurie,Braybrook,abraybrook9k@example.com,27-5058966,Research and Development,Inactive,4/9/2002,12/7/2007
346,Zorah,Sanday,zsanday9l@hp.com,33-4434721,Business Development,On Leave,2/19/2015,4/17/2021
347,Waldemar,Ovey,wovey9m@elpais.com,12-8578905,Training,Inactive,9/19/2015,5/27/2015
348,Alberik,Underwood,aunderwood9n@skyrock.com,54-0576738,Human Resources,Active,3/25/2018,7/23/2020
349,Yuma,Vigneron,yvigneron9o@blinklist.com,49-4916356,Human Resources,Resigned,4/15/2018,1/15/2005
350,Cris,Leyborne,cleyborne9p@usnews.com,80-6668774,Support,Inactive,9/27/2008,6/6/2000
351,Mitzi,Pinxton,mpinxton9q@yale.edu,57-1775269,Services,Inactive,1/25/2003,5/23/2011
352,Meryl,Godbald,mgodbald9r@imageshack.us,68-0895142,Research and Development,Resigned,10/16/2006,5/28/2001
353,Conn,Josefer,cjosefer9s@indiatimes.com,02-3938173,Research and Development,Inactive,2/13/2003,1/10/2004
354,Nikolaos,Walcar,nwalcar9t@ocn.ne.jp,22-0513666,Accounting,Resigned,11/29/2021,4/14/2020
355,Bartholemy,Broader,bbroader9u@alexa.com,92-8027083,Engineering,Resigned,2/13/2002,9/18/2015
356,Benny,Gayther,bgayther9v@who.int,55-2240823,Human Resources,Active,3/28/2009,5/20/2006
357,Aubrey,Fowler,afowler9w@dropbox.com,50-3479019,Product Management,Resigned,12/15/2001,4/4/2013
358,Basil,Wasbey,bwasbey9x@multiply.com,23-0414390,Research and Development,On Leave,3/7/2017,5/17/2009
359,Charlton,Moyce,cmoyce9y@unblog.fr,63-5766321,Sales,Resigned,10/16/2010,5/15/2019
360,Byron,Collerd,bcollerd9z@wufoo.com,36-8684436,Business Development,Inactive,6/22/2009,6/3/2006
361,Grantham,Janout,gjanouta0@wikimedia.org,40-9735758,Support,Inactive,2/22/2013,3/11/2006
362,Rollie,Ead,reada1@si.edu,49-7563125,Accounting,Resigned,12/23/2000,4/9/2016
363,Jayme,Torricella,jtorricellaa2@digg.com,83-5786962,Business Development,Active,3/20/2001,9/14/2017
364,Trev,Caldayrou,tcaldayroua3@sphinn.com,77-7420755,Legal,On Leave,10/19/2005,3/17/2003
365,Stern,Eller,sellera4@cdbaby.com,22-6477497,Research and Development,On Leave,12/5/2002,6/19/2004
366,Aime,Ouldcott,aouldcotta5@blogspot.com,42-8823967,Sales,Resigned,2/11/2021,9/28/2022
367,Denny,Schrieves,dschrievesa6@hugedomains.com,82-7717648,Services,Active,1/6/2014,6/7/2010
368,Ladonna,Horsey,lhorseya7@dailymotion.com,09-2409646,Support,On Leave,6/24/2012,7/2/2010
369,Casper,Siberry,csiberrya8@auda.org.au,74-4431053,Sales,Resigned,6/19/2014,11/20/2020
370,Nappie,Bowra,nbowraa9@360.cn,32-8075691,Support,Inactive,5/29/2016,3/19/2022
371,Kimball,Phelan,kphelanaa@who.int,99-4345280,Support,Inactive,4/11/2013,7/7/2011
372,Franklin,Walcot,fwalcotab@netscape.com,98-2272647,Services,Active,10/25/2000,1/24/2016
373,Morgan,Brugman,mbrugmanac@aboutads.info,75-2211204,Training,Active,4/20/2020,10/22/2005
374,Rebeka,O'Currigan,rocurriganad@dropbox.com,57-0791530,Training,Resigned,10/8/2017,7/23/2009
375,Bobbi,Brash,bbrashae@mapy.cz,68-5011154,Legal,Inactive,2/18/2000,4/1/2016
376,Pacorro,Habbal,phabbalaf@msu.edu,65-2573543,Training,On Leave,6/3/2016,8/8/2013
377,Avery,Stiegar,astiegarag@plala.or.jp,81-1758942,Support,Resigned,4/5/2002,11/19/2003
378,Ludwig,Cesaric,lcesaricah@zimbio.com,64-4572549,Product Management,Inactive,6/8/2010,9/26/2017
379,Emanuele,Shipp,eshippai@i2i.jp,23-9505586,Engineering,Inactive,11/4/2016,9/4/2019
380,Dale,Clapp,dclappaj@ca.gov,89-2542014,Marketing,Active,1/17/2014,9/4/2010
381,Marion,MacLaig,mmaclaigak@bing.com,45-6196078,Sales,Inactive,4/8/2020,7/25/2008
382,Carlene,Johananov,cjohananoval@senate.gov,68-0466276,Services,Resigned,2/1/2019,5/24/2006
383,Tait,Le Blond,tleblondam@ycombinator.com,91-5190254,Business Development,Inactive,2/13/2020,1/24/2007
384,Thomasin,Emberson,tembersonan@addtoany.com,03-7442830,Engineering,On Leave,10/10/2022,5/23/2017
385,Pauline,Howis,phowisao@yelp.com,46-0869489,Research and Development,On Leave,2/4/2014,1/2/2004
386,Matilde,Wibrew,mwibrewap@usatoday.com,41-8803056,Services,On Leave,3/24/2011,5/15/2000
387,Brock,Shoulders,bshouldersaq@qq.com,16-0893691,Support,On Leave,4/5/2017,1/23/2004
388,Eziechiele,Gabbidon,egabbidonar@joomla.org,08-8956121,Training,Inactive,12/5/2017,12/25/2002
389,Filberto,Callow,fcallowas@ucoz.com,54-3880980,Product Management,Inactive,1/22/2007,10/28/2012
390,Josee,Deporte,jdeporteat@biblegateway.com,14-5086786,Services,Active,9/22/2001,8/5/2008
391,Jackie,Worling,jworlingau@chronoengine.com,14-3714304,Research and Development,Inactive,12/31/2009,8/7/2012
392,Melosa,Curle,mcurleav@infoseek.co.jp,94-7271628,Human Resources,Resigned,2/16/2004,10/10/2008
393,Jaynell,Padbury,jpadburyaw@ucsd.edu,85-6161591,Human Resources,Active,7/8/2012,9/11/2017
394,Valaria,Lanmeid,vlanmeidax@dagondesign.com,57-8542012,Research and Development,Inactive,11/3/2021,3/3/2011
395,Evelin,Pech,epechay@blog.com,98-6773966,Research and Development,Inactive,6/18/2002,10/1/2009
396,Tierney,Thickins,tthickinsaz@prnewswire.com,06-1681133,Services,Inactive,2/26/2015,7/27/2022
397,Pepi,Wickardt,pwickardtb0@lycos.com,46-0064513,Business Development,Inactive,9/26/2020,12/22/2006
398,Saudra,Pittel,spittelb1@multiply.com,49-0473403,Accounting,Active,9/11/2010,10/18/2013
399,Eberto,Barratt,ebarrattb2@wunderground.com,38-8842200,Business Development,Resigned,6/4/2021,3/11/2001
400,Dennis,Christer,dchristerb3@bandcamp.com,35-9676463,Accounting,Resigned,2/12/2006,12/28/2001
401,Norman,McAvinchey,nmcavincheyb4@japanpost.jp,62-7239732,Research and Development,On Leave,5/28/2008,1/7/2016
402,Sammie,Northern,snorthernb5@hubpages.com,42-5942723,Accounting,Inactive,4/8/2001,5/30/2007
403,Sal,Glenfield,sglenfieldb6@diigo.com,23-2662410,Product Management,Active,4/6/2014,5/1/2012
404,Blondell,Francis,bfrancisb7@zimbio.com,20-9952857,Business Development,On Leave,7/26/2006,2/26/2008
405,Linnet,Hasnney,lhasnneyb8@netlog.com,50-9103081,Training,On Leave,1/4/2018,8/13/2020
406,Laureen,Bool,lboolb9@netvibes.com,51-8349926,Engineering,Inactive,12/5/2014,5/9/2007
407,Ginevra,Witcombe,gwitcombeba@squarespace.com,97-5103711,Sales,On Leave,6/23/2005,11/29/2021
408,Eadie,Lawman,elawmanbb@networkadvertising.org,44-1013786,Training,On Leave,2/28/2007,5/18/2012
409,Verney,Jakab,vjakabbc@wix.com,55-9088072,Engineering,Inactive,1/20/2018,9/17/2011
410,Rozina,Blades,rbladesbd@alexa.com,46-0445985,Human Resources,On Leave,6/3/2015,9/11/2022
411,Gilli,Allsobrook,gallsobrookbe@paginegialle.it,08-9722776,Engineering,Active,8/14/2002,5/7/2004
412,Roxana,Handke,rhandkebf@ed.gov,01-5627165,Marketing,On Leave,2/14/2015,5/30/2002
413,Fairlie,Antrack,fantrackbg@so-net.ne.jp,29-2917014,Services,Active,9/8/2013,11/3/2018
414,Dennis,MacIlraith,dmacilraithbh@samsung.com,22-4267720,Research and Development,On Leave,12/14/2000,5/13/2020
415,Fidole,Drawmer,fdrawmerbi@state.gov,57-8229421,Legal,Active,5/30/2006,2/25/2018
416,Loree,Grocott,lgrocottbj@nyu.edu,18-3560390,Engineering,Active,12/13/2021,7/6/2022
417,Ingram,Leall,ileallbk@economist.com,44-4291087,Product Management,Active,1/3/2020,12/23/2012
418,Waneta,Searchwell,wsearchwellbl@unicef.org,17-3100863,Services,Resigned,8/2/2007,11/25/2005
419,Filippo,Petric,fpetricbm@google.co.jp,28-1492191,Research and Development,On Leave,9/13/2021,4/25/2016
420,Maynord,Eaglestone,meaglestonebn@latimes.com,55-8453260,Human Resources,Resigned,12/2/2006,9/11/2006
421,Leontine,Mustill,lmustillbo@squidoo.com,01-9920592,Engineering,Resigned,4/25/2021,10/26/2009
422,Patton,Putman,pputmanbp@wordpress.com,29-3840949,Services,Active,3/16/2005,2/4/2013
423,Tally,Punyer,tpunyerbq@flavors.me,93-7204008,Legal,Resigned,1/2/2006,9/4/2016
424,Derby,Fairhall,dfairhallbr@slashdot.org,62-4505637,Business Development,Resigned,7/23/2000,9/21/2011
425,Yoshi,Birts,ybirtsbs@latimes.com,48-7393392,Support,Resigned,7/6/2020,9/10/2007
426,Otes,Crofts,ocroftsbt@nps.gov,35-2528553,Marketing,Active,4/25/2004,9/15/2000
427,Lazarus,Ballsdon,lballsdonbu@microsoft.com,58-1153086,Human Resources,Active,11/3/2008,4/16/2004
428,Arley,Gorcke,agorckebv@hc360.com,82-7225232,Support,Inactive,5/10/2018,5/20/2012
429,Darsie,Mabbitt,dmabbittbw@vinaora.com,57-8772401,Legal,Active,2/6/2010,5/28/2009
430,Caresa,Gypps,cgyppsbx@mozilla.com,10-4133043,Sales,Active,1/25/2002,3/29/2020
431,Tedd,Pownall,tpownallby@businessweek.com,76-6981043,Accounting,Inactive,5/31/2007,9/23/2006
432,Susette,Jacombs,sjacombsbz@webnode.com,72-3223357,Accounting,Active,8/21/2011,5/9/2002
433,Vivie,Klais,vklaisc0@instagram.com,60-3981757,Accounting,Active,8/3/2014,12/1/2017
434,Clifford,McLeese,cmcleesec1@e-recht24.de,38-6632965,Business Development,Inactive,11/29/2010,11/12/2022
435,Levy,Neiland,lneilandc2@privacy.gov.au,91-8285006,Accounting,Resigned,5/16/2005,3/17/2001
436,Margeaux,Regardsoe,mregardsoec3@wikispaces.com,50-0152291,Engineering,Resigned,5/31/2010,3/17/2005
437,Maureen,Fernao,mfernaoc4@ocn.ne.jp,02-2488245,Research and Development,On Leave,1/18/2018,2/15/2020
438,Vale,Hawksworth,vhawksworthc5@google.pl,87-7382214,Legal,Inactive,12/13/2013,9/23/2003
439,Thalia,Abarough,tabaroughc6@ed.gov,68-0843991,Support,On Leave,7/16/2019,9/16/2017
440,Imelda,Hamshere,ihamsherec7@accuweather.com,09-1655052,Training,On Leave,9/6/2020,10/3/2010
441,Ferris,MacNally,fmacnallyc8@pagesperso-orange.fr,73-2723657,Product Management,Inactive,7/17/2001,8/16/2011
442,Phaedra,Yare,pyarec9@topsy.com,74-7798349,Accounting,Inactive,1/25/2010,9/11/2008
443,Ray,Aldie,raldieca@mac.com,63-7461068,Product Management,Active,5/5/2017,12/27/2018
444,Frieda,Cheer,fcheercb@sourceforge.net,40-2034745,Business Development,Resigned,5/14/2000,6/25/2021
445,Oliy,Callar,ocallarcc@tripadvisor.com,14-7147612,Marketing,Resigned,2/10/2003,4/28/2007
446,Tabitha,MacKinnon,tmackinnoncd@purevolume.com,24-1876230,Sales,On Leave,7/12/2013,6/15/2002
447,Glynnis,Bonavia,gbonaviace@wsj.com,34-9403697,Engineering,Inactive,11/3/2002,6/29/2000
448,Constanta,Farnorth,cfarnorthcf@netlog.com,65-2284573,Product Management,Inactive,7/22/2007,5/11/2001
449,Mychal,Allwell,mallwellcg@google.nl,95-2999575,Legal,Active,3/11/2009,12/2/2010
450,La verne,Jentgens,ljentgensch@facebook.com,55-8138834,Research and Development,On Leave,9/19/2011,7/23/2007
451,Ian,Barkhouse,ibarkhouseci@google.es,33-9951077,Legal,Resigned,4/20/2001,9/11/2000
452,Randi,Hurtic,rhurticcj@typepad.com,95-3178598,Product Management,On Leave,12/30/2012,1/4/2002
453,Rodrique,Orys,rorysck@joomla.org,12-4479823,Accounting,Resigned,8/17/2021,2/23/2007
454,Saundra,Coners,sconerscl@sohu.com,77-3274625,Legal,Inactive,4/9/2018,12/18/2010
455,Adi,Kennerley,akennerleycm@phpbb.com,45-2809539,Product Management,Active,10/14/2011,9/20/2003
456,Dolf,Branson,dbransoncn@weebly.com,69-0301069,Human Resources,Resigned,2/23/2008,5/15/2002
457,Vinny,Pearmine,vpearmineco@google.cn,55-2676021,Support,Inactive,2/9/2010,4/15/2021
458,Harvey,Santoro,hsantorocp@xinhuanet.com,70-2840782,Sales,Inactive,8/31/2007,11/14/2013
459,Win,Pheby,wphebycq@vimeo.com,46-0938747,Legal,Inactive,8/22/2005,5/22/2006
460,Linette,Bolver,lbolvercr@squidoo.com,94-5246811,Engineering,On Leave,5/23/2010,3/28/2011
461,Orsola,Cockings,ocockingscs@gravatar.com,25-3641398,Research and Development,Inactive,1/22/2009,1/1/2002
462,Herbert,Mattevi,hmattevict@ocn.ne.jp,95-0714610,Human Resources,On Leave,8/5/2009,3/10/2022
463,Wilmer,Bartolomivis,wbartolomiviscu@technorati.com,54-8003751,Engineering,Inactive,12/25/2002,5/12/2018
464,Marcille,Crossby,mcrossbycv@gnu.org,65-1621431,Human Resources,Active,8/4/2016,7/22/2020
465,Brana,Corns,bcornscw@ning.com,18-7573298,Engineering,Inactive,4/8/2004,1/29/2003
466,Cosmo,Extence,cextencecx@weebly.com,85-4315186,Support,Resigned,7/19/2012,7/3/2013
467,Ulrich,Blay,ublaycy@etsy.com,63-2146349,Marketing,Inactive,11/3/2012,7/13/2010
468,Merry,Dearman,mdearmancz@aboutads.info,23-6106318,Services,Resigned,6/29/2004,2/5/2021
469,Elinore,Skillen,eskillend0@sina.com.cn,91-9017455,Human Resources,On Leave,9/11/2007,10/16/2020
470,Klarrisa,Uttley,kuttleyd1@ustream.tv,98-9605297,Services,Active,4/7/2019,3/10/2019
471,Torre,Camoletto,tcamolettod2@myspace.com,95-8528094,Support,Inactive,3/23/2013,9/28/2012
472,Alberik,Braun,abraund3@t-online.de,37-8664523,Support,Inactive,3/3/2018,12/23/2014
473,Darci,Sulland,dsullandd4@telegraph.co.uk,32-2272838,Product Management,Resigned,3/16/2004,8/7/2010
474,Bernardina,Shoulder,bshoulderd5@jigsy.com,05-7077992,Product Management,Inactive,10/25/2000,9/18/2005
475,Millie,Arnould,marnouldd6@soup.io,31-1806392,Accounting,Inactive,5/6/2006,2/25/2010
476,Jaymie,Dulson,jdulsond7@usatoday.com,62-7861953,Product Management,On Leave,3/3/2011,1/26/2012
477,Fleur,Lusher,flusherd8@indiatimes.com,26-0372681,Human Resources,Resigned,12/6/2010,1/10/2012
478,Gisela,De Roberto,gderobertod9@cdbaby.com,44-0107761,Services,Inactive,6/29/2008,7/6/2018
479,Farley,Shirrell,fshirrellda@bbb.org,48-8501620,Training,Inactive,8/12/2012,9/4/2013
480,Kalil,Nethercott,knethercottdb@prlog.org,91-9046047,Marketing,On Leave,12/12/2009,11/20/2009
481,Dun,Calwell,dcalwelldc@yale.edu,62-0960959,Services,Active,6/13/2015,3/14/2000
482,Brit,Nehl,bnehldd@wikipedia.org,70-4991565,Services,Resigned,12/12/2012,12/10/2012
483,Forest,Kelcey,fkelceyde@gnu.org,87-6591019,Human Resources,On Leave,4/26/2017,5/1/2008
484,Cosimo,Heaford,cheaforddf@cnet.com,54-4096547,Training,On Leave,5/26/2003,11/26/2007
485,Tobie,Jorn,tjorndg@wisc.edu,58-1936053,Accounting,Resigned,6/5/2022,6/12/2005
486,Vittorio,Hambleton,vhambletondh@biglobe.ne.jp,03-7213757,Engineering,Inactive,4/7/2021,1/5/2020
487,Steffane,Nottram,snottramdi@livejournal.com,46-5131090,Sales,Inactive,7/15/2000,10/1/2022
488,Eugenia,Sturt,esturtdj@bbb.org,20-8556902,Human Resources,Inactive,8/30/2020,7/3/2014
489,Garrard,Perot,gperotdk@webeden.co.uk,97-8906148,Marketing,Active,12/3/2016,2/3/2021
490,Carlota,Wedmore.,cwedmoredl@ning.com,36-2556075,Engineering,Inactive,1/13/2021,3/14/2007
491,Livia,Mussington,lmussingtondm@miitbeian.gov.cn,81-4808860,Human Resources,Inactive,5/15/2016,3/26/2019
492,Rasla,Dawtre,rdawtredn@loc.gov,39-5911402,Business Development,Inactive,8/18/2016,7/16/2017
493,Doloritas,Clifton,dcliftondo@acquirethisname.com,05-5218758,Sales,Resigned,1/11/2015,3/12/2000
494,George,Gulliman,ggullimandp@zdnet.com,61-4505711,Business Development,Active,12/28/2010,7/3/2014
495,Griffy,Lepope,glepopedq@apache.org,82-3037866,Sales,Inactive,5/24/2010,7/3/2005
496,Karney,Reah,kreahdr@last.fm,11-9491837,Research and Development,Active,3/6/2019,9/10/2022
497,Elia,Linggood,elinggoodds@blogspot.com,32-8117155,Services,Active,11/27/2018,8/19/2018
498,Jamesy,Hill,jhilldt@delicious.com,49-8781904,Services,Inactive,5/28/2016,12/19/2010
499,Lianne,Andrasch,landraschdu@discuz.net,28-9004615,Support,On Leave,6/22/2017,3/13/2007
500,Luce,Riach,lriachdv@issuu.com,60-9876222,Research and Development,Inactive,11/9/2012,6/12/2003
